"#","Malın adı","Barcode","Anbarda  sayı","Gəliş qiym. (azn)","Gəliş qiym. cəmi (azn)","Satış qiym.  (azn)","Topdan sat.  (azn)","Satış qiym.   cəmi (azn)","Şirkət","Mal qrupu","Anbar","Blok"
"","","","4223","","68174.42","","","95015.5","","","",""
"1","Dron (kamerasız)","00001","28","40","1120","50","0","1400","JoyTeamToys","Dronlar","Mağaza","102"
"2","Drone Socccer Karkas","00212","0","20","0","30","0","0","Lafvin","Dronlar","Mağaza","305"
"3","FlySky FS-A6B Receiver","00213","0","14","0","40","0","0","Lafvin","Dronlar","Mağaza","204"
"4","AlphaRC 3"" Frame Kit","00214","0","12","0","16","0","0","Lafvin","Dronlar","Mağaza","301"
"5","My First Electric Circuit","00003","23","8","184","10","0","230","Shantou Tengxin Edu-Toys Industrial","Öyrədici setlər","Mağaza","503"
"6","Robotic Arm","00004","10","45.6","456","57","0","570","Shantou Tengxin Edu-Toys Industrial","Öyrədici setlər","Mağaza","602"
"7","Fly-High Rocket","00005","12","12.8","153.6","16","0","192","Shantou Tengxin Edu-Toys Industrial","Öyrədici setlər","Mağaza","503"
"8","RoDost","00006","61","17.6","1073.6","22","0","1342","Shantou Tengxin Edu-Toys Industrial","Öyrədici setlər","Mağaza","504"
"9","Static Shocker","00007","5","9.6","48","12","0","60","Shantou Tengxin Edu-Toys Industrial","Öyrədici setlər","Mağaza","503"
"10","WeDo","00028","28","250","7000","300","0","8400","Aliexpress","Öyrədici setlər","Mağaza","701"
"11","Python AI","00029","51","250","12750","300","0","15300","Aliexpress","Öyrədici setlər","Mağaza","502"
"12","Py-Maker","00030","53","192","10176","300","0","15900","Yahoom Enola","Öyrədici setlər","Mağaza","702"
"13","ROBOMONTE-Animal Story","00077","73","68","4964","85","0","6205","HIQ - CITY LONGYEAH TOYS INDUSSHANTOU TRIA","Öyrədici setlər","Mağaza","501"
"14","ROBOMONTE-Space","00078","38","68","2584","85","0","3230","HIQ - CITY LONGYEAH TOYS INDUSSHANTOU TRIA","Öyrədici setlər","Mağaza","601"
"15","ROBOMONTE-Engineering","00079","7","68","476","85","0","595","HIQ - CITY LONGYEAH TOYS INDUSSHANTOU TRIA","Öyrədici setlər","Mağaza","501"
"16","GENESIS Climbing Robot","00080","42","8","336","10","0","420","Hubei Aison Children Products","Öyrədici setlər","Mağaza","604"
"17","GENESIS Earthquake Alarm","00081","17","8","136","10","0","170","Hubei Aison Children Products","Öyrədici setlər","Mağaza","604"
"18","GENESIS Hand Generator","00082","28","8","224","10","0","280","Hubei Aison Children Products","Öyrədici setlər","Mağaza","604"
"19","GENESIS Water Level Alarm","00083","8","8","64","10","0","80","Hubei Aison Children Products","Öyrədici setlər","Mağaza","604"
"20","GENESIS Ball Pitching Machine","00084","26","8","208","10","0","260","Hubei Aison Children Products","Öyrədici setlər","Mağaza","604"
"21","GENESIS Digital Voice Recorder","00085","35","8","280","10","0","350","Hubei Aison Children Products","Öyrədici setlər","Mağaza","604"
"22","GENESIS Revolving Door","00086","38","8","304","10","0","380","Hubei Aison Children Products","Öyrədici setlər","Mağaza","604"
"23","GENESIS Vortex Generator","00087","42","8","336","10","0","420","Hubei Aison Children Products","Öyrədici setlər","Mağaza","604"
"24","GENESIS Tower Crane","00088","45","8","360","10","0","450","Hubei Aison Children Products","Öyrədici setlər","Mağaza","604"
"25","GENESIS Artificial Satellite","00089","2","8","16","10","0","20","Hubei Aison Children Products","Öyrədici setlər","Mağaza","604"
"26","WRO LEGO SET 45811","00226","2","220","440","255","0","510","Digər","Öyrədici setlər","Mağaza","604"
"27","WRO LEGO SET 45819","00227","2","119","238","170","0","340","Digər","Öyrədici setlər","Mağaza","604"
"28","Arduino Upgraded Learning Kit","00025","36","30","1080","80","0","2880","Shenzhen Mingjingda Technology","Arduino setləri","Mağaza","101"
"29","37 in 1 Sensor Kit","00026","3","50","150","60","0","180","Shenzhen Mingjingda Technology","Arduino setləri","Mağaza","102"
"30","37 Sensor Kit","00027","2","50","100","60","0","120","Aliexpress","Arduino setləri","Mağaza","102"
"31","Portable Monitor","00091","1","80","80","180","0","180","Aliexpress","CNC alətləri","Mağaza","0"
"32","3D Qələm","00002","0","15","0","30","0","0","JoyTeamToys","3D elementlər","Mağaza","604"
"33","Filament Tinylab 3D ABS","00142","3","25","75","35","0","105","Mehemmed Haciyev","3D elementlər","Mağaza","105"
"34","Filament Kingroon Silk","00143","3","50","150","80","0","240","Aliexpress","3D elementlər","Mağaza","105"
"35","Filament ESUN Silk","00144","2","30","60","45","0","90","Aliexpress","3D elementlər","Mağaza","105"
"36","Filament TPU","00145","5","30","150","45","0","225","Mehemmed Haciyev","3D elementlər","Mağaza","105"
"37","Filament PETG","00146","5","25","125","35","0","175","Mehemmed Haciyev","3D elementlər","Mağaza","105"
"38","Filament PLA","00147","1","20","20","30","0","30","Mehemmed Haciyev","3D elementlər","Mağaza","105"
"39","Filament CC3D PLA Silk","00148","1","35","35","45","0","45","Mehemmed Haciyev","3D elementlər","Mağaza","105"
"40","Filament MICROZEY PLA","00149","1","30","30","40","0","40","Mehemmed Haciyev","3D elementlər","Mağaza","105"
"41","Filament ESUN ABS-HS","00225","30","60","1800","65","0","1950","Mehemmed Haciyev","3D elementlər","Mağaza","105"
"42","İR sensor module (flame sensor)","00032","18","2.4","43.2","3","0","54","Shenzhen Mingjingda Technology","Sensorlar","Mağaza","103"
"43","TTP223 Touch Sensor","00066","19","6.4","121.6","8","0","152","Shenzhen Mingjingda Technology","Sensorlar","Mağaza","103"
"44","STM32 Microcontroller","00106","9","10","90","16","0","144","Rauf Cabbarov","Sensorlar","Mağaza","103"
"45","FC 22 MQ2 Qaz sensoru","00107","2","3","6","4.5","0","9","Rauf Cabbarov","Sensorlar","Mağaza","103"
"46","FC 22 MQ3 Qaz sensoru","00108","0","5","0","7","0","0","Rauf Cabbarov","Sensorlar","Mağaza","103"
"47","FC 22 MQ4 Qaz sensoru","00109","0","2","0","4","0","0","Rauf Cabbarov","Sensorlar","Mağaza","103"
"48","FC 22 MQ5 Qaz sensoru","00110","0","5","0","8","0","0","Rauf Cabbarov","Sensorlar","Mağaza","103"
"49","FC 22 MQ6 Qaz sensoru","00111","0","4","0","6","0","0","Rauf Cabbarov","Sensorlar","Mağaza","103"
"50","FC 22 MQ7 Qaz sensoru","00112","0","2","0","3.5","0","0","Rauf Cabbarov","Sensorlar","Mağaza","103"
"51","FC 22 MQ8 Qaz sensoru","00113","1","3","3","4.5","0","4.5","Rauf Cabbarov","Sensorlar","Mağaza","103"
"52","FC 22 MQ135 Qaz sensoru","00114","0","3","0","5","0","0","Rauf Cabbarov","Sensorlar","Mağaza","103"
"53","Obstacle Avoidance Sensor","00152","1","0.8","0.8","2","0","2","TEMU","Sensorlar","Mağaza","303"
"54","Sunfounder Sound Sensor","00200","1","10","10","12","0","12","Rauf Cabbarov","Sensorlar","Mağaza","204"
"55","Sunfounder RGB LED","00201","1","3","3","6","0","6","Rauf Cabbarov","Sensorlar","Mağaza","204"
"56","Sunfounder Stepper Motor Driver","00202","1","12","12","16","0","16","Rauf Cabbarov","Sensorlar","Mağaza","204"
"57","Motion Sensor Module","00203","1","4","4","6","0","6","Rauf Cabbarov","Sensorlar","Mağaza","204"
"58","Sparkfun Atmospheric Sensor Breakout","00204","1","30","30","40","0","40","Rauf Cabbarov","Sensorlar","Mağaza","204"
"59","Raspberry Pi Heatsink","00205","1","3","3","6","0","6","Rauf Cabbarov","Sensorlar","Mağaza","204"
"60","Humidity Sensor","00206","1","9","9","12","0","12","Rauf Cabbarov","Sensorlar","Mağaza","204"
"61","RGB Color Sensor","00207","1","20","20","25","0","25","Rauf Cabbarov","Sensorlar","Mağaza","204"
"62","Fast Vibration Sensor Switch","00208","0","7","0","10","0","0","Rauf Cabbarov","Sensorlar","Mağaza","204"
"63","Fast Vibration Switch","00209","1","7","7","10","0","10","Rauf Cabbarov","Sensorlar","Mağaza","204"
"64","Grove Sound Sensor","00210","1","15","15","20","0","20","Rauf Cabbarov","Sensorlar","Mağaza","204"
"65","WT931","00221","1","1","1","3","0","3","Lafvin","Sensorlar","Mağaza","204"
"66","KY-037 Big Sound sensor","00228","0","2","0","3.5","0","0","Digər","Sensorlar","Mağaza","202"
"67","KY-037 Small Sound sensor","00229","2","3","6","7","0","14","Digər","Sensorlar","Mağaza","202"
"68","KY-025 Reed Switch","00230","3","10","30","15","0","45","Digər","Sensorlar","Mağaza","202"
"69","KY-036 Touch sensor","00231","4","7","28","12","0","48","Digər","Sensorlar","Mağaza","202"
"70","KY-024 Linear Hall","00232","4","1","4","3","0","12","Digər","Sensorlar","Mağaza","202"
"71","KY-028 Digital Tempature","00233","3","11","33","18","0","54","Digər","Sensorlar","Mağaza","202"
"72","KY-026 Flame","00234","3","2","6","3.5","0","10.5","Digər","Sensorlar","Mağaza","202"
"73","KY-029 Mini Two Color","00235","4","3","12","6","0","24","Digər","Sensorlar","Mağaza","202"
"74","KY-032 Avoidance","00236","3","18","54","25","0","75","Digər","Sensorlar","Mağaza","202"
"75","KY-039 Heartbeat","00237","3","1","3","2","0","6","Digər","Sensorlar","Mağaza","202"
"76","KY-027 2PCS Light cup","00238","3","4","12","6","0","18","Digər","Sensorlar","Mağaza","202"
"77","KY-002 Shock","00239","4","1.5","6","3","0","12","Digər","Sensorlar","Mağaza","202"
"78","KY-011 Two Color","00240","4","6","24","8","0","32","Digər","Sensorlar","Mağaza","202"
"79","Linefollower sensor","00252","10","3","30","10","0","100","Shenzhen Mingjingda Technology","Sensorlar","Mağaza","303"
"80","sparkfun soil moisture sensor","00270","0","2","0","4","0","0","Aliexpress","Sensorlar","Mağaza","106"
"81","DHT11","00275","0","4.5","0","7","0","0","Digər","Sensorlar","Mağaza","0"
"82","IR remote controller and receiver","00276","0","3","0","5","0","0","Digər","Sensorlar","Mağaza","0"
"83","L293D Driver","00034","30","4","120","5","0","150","Shenzhen Mingjingda Technology","Matorlar və mator sürücüləri","Mağaza","103"
"84","L298N Driver","00035","38","2","76","5","0","190","Shenzhen Mingjingda Technology","Matorlar və mator sürücüləri","Mağaza","304"
"85","DC Motor Mini","00075","30","0.97","29.1","3","0","90","Shenzhen Mingjingda Technology","Matorlar və mator sürücüləri","Mağaza","103"
"86","MG90S Servo Motor 9g","00130","13","2.8","36.4","7","0","91","TEMU","Matorlar və mator sürücüləri","Mağaza","103"
"87","JGB37-520 DC Gear Motor 12V960RPM","00150","2","11","22","22","0","44","TEMU","Matorlar və mator sürücüləri","Mağaza","303"
"88","N20 Miniature DC Gearbox Motor","00151","17","4.6","78.2","10","0","170","TEMU","Matorlar və mator sürücüləri","Mağaza","303"
"89","Brushed DC Motor with 320A Driver","00154","3","38","114","48","0","144","TEMU","Matorlar və mator sürücüləri","Mağaza","303"
"90","TT Magnetic DC Gear Motor","00155","14","9","126","10","0","140","TEMU","Matorlar və mator sürücüləri","Mağaza","303"
"91","JGB37-520 DC Gear Motor 12V600RPM","00158","1","11","11","22","0","22","TEMU","Matorlar və mator sürücüləri","Mağaza","303"
"92","JGB37-520 DC Gear Motor 12V107RPM","00159","14","15","210","22","0","308","TEMU","Matorlar və mator sürücüləri","Mağaza","303"
"93","BotsCombat 12V296RPM motor","00160","0","24","0","39","0","0","TEMU","Matorlar və mator sürücüləri","Mağaza","304"
"94","BotsCombat 12V80RPM motor","00161","0","24","0","39","0","0","TEMU","Matorlar və mator sürücüləri","Mağaza","303"
"95","BotsCombat 12V2160RPM motor","00162","2","24","48","39","0","78","TEMU","Matorlar və mator sürücüləri","Mağaza","303"
"96","JGA25-370 12V620RPM DC Gear Motor","00163","28","7","196","20","0","560","TEMU","Matorlar və mator sürücüləri","Mağaza","303"
"97","JGA25-370 12V280RPM DC Gear Motor","00164","16","7","112","20","0","320","TEMU","Matorlar və mator sürücüləri","Mağaza","303"
"98","BTS7960 Driver","00165","10","7","70","16","0","160","TEMU","Matorlar və mator sürücüləri","Mağaza","304"
"99","320A RC Brushed ESC","00166","0","16","0","26","0","0","TEMU","Matorlar və mator sürücüləri","Mağaza","304"
"100","Bots Combat 12V98RPM motor","00173","13","24","312","50","0","650","Mehemmed Haciyev","Matorlar və mator sürücüləri","Mağaza","30"